id,name,ingredients,n_ingredients,user_id,rating,review,calories,sugar,calorie_status,price
142,almond fudge banana cake,"['dole banana', 'sugar', 'margarine', 'eggs', 'amaretto liqueur', 'vanilla extract', 'all-purpose flour', 'unsweetened cocoa powder', 'baking soda', 'salt', 'dole almond']",11,914114,4,Came out great for a chocolate Easter cake. I made an almond cream cheese frosting instead of a chocolate glaze to make it more Spring-like. Very moist and the banana is definately the strongest flavor coming from the cake. Will definately make again.,224.8,87,Low Calory,24
520,apple pie cake,"['sugar', 'egg', 'salt', 'butter', 'flour', 'baking powder', 'cinnamon', 'nutmeg', 'vanilla', 'baking apples', 'pecans', 'golden raisin']",12,22504,3,"The flavor of this was good, but the making of it didn't go very well.  There were a lot of steps, which isn't necessarily a  bad thing, but it didn't fall together like most cake recipes.  For example, I couldn't figure out why I had to melt the butter (and of course cool it) when I was just creaming it, or why add the sugar in two parts.   I had tons of tunnels.  And it would be helpful if there was a number for how long to bake.  At least a range, especially for us novice cooks.   It took 45 minutes for me.",359.1,136,Low Calory,20
822,heloise s cake mix cookies,"['cake mix', 'vegetable oil', 'eggs']",3,36327,5,What a great recipe!  Inexpensive and EASY!!  My favorite is a chocolate cake with peanut butter chips.  Yum!,137.4,46,Low Calory,44
916,momma s fair funnel cake,"['eggs', 'sugar', 'milk', 'flour', 'salt', 'baking powder', 'vegetable oil']",7,13640,5,"This is a great recipe, its small, quick and tastes great.",398.9,34,Low Calory,31
1633,mc donald s pancakes,"['carbonated lemon-lime beverage', 'egg', 'sugar', 'oil', 'biscuit mix']",5,60908,5,"OMG, these are great! I was looking for something faster than scratch, but more interesting than plain baking mix. This fit the bill, perfectly. I did have to add about 1/2 C. of milk to thin, as the batter was too thick to scoop. But with that only addition, they were super! Very high-rising and light and fluffy. DH gave them 5 stars. They were delicious with Louisiana cane syrup. Thanks so much for sharing, CeeDee! ",225.6,39,Low Calory,31
2496,dark chocolate cake,"['sugar', 'flour', 'baking cocoa', 'baking powder', 'baking soda', 'salt', 'eggs', 'milk', 'vegetable oil', 'vanilla extract', 'boiling water']",11,72570,5,"Well, it wasn't really a dark chocolate cake to me, but I've been rather spoiled by my grandma's cake recipe, so I'm not a very good judge. However, it was surprisingly moist and rich for such a simple cake. I used a chocolate frosting and put fresh raspberries between the layers and on top for my little sister's birthday. It was great! Thanks for the recipe. ",189.1,80,Low Calory,37
2695,lemon jello cake,"['yellow cake mix', 'lemon jell-o gelatin', 'eggs', 'water', 'vegetable oil', 'powdered sugar', 'lemons, juice and zest of', 'butter']",8,20041,0,"There were two recipes that I received in the late fifties or 60's.  They were so great then.  The other recipe was Orange Jello Cake, using Orange Jello with White Cake Mix.  They were fast, simple, moist, and rated excellent then.
My recipes are packed for moving; so I cannot give you the baking temperature or time.",456.9,179,Low Calory,46
2767,moms chocolate zucchini cake,"['margarine', 'oil', 'sugar', 'eggs', 'vanilla', 'sour milk', 'flour', 'baking cocoa', 'baking powder', 'baking soda', 'cinnamon', 'zucchini', 'chocolate chips']",13,103730,0,I made this recipe and just wanted to say that the cake really needs to cook much longer! I had it in for about 60-65 minutes!,138.8,45,Low Calory,37
2923,up pound cake,"['butter', 'sugar', 'eggs', 'cake flour', 'lemon flavoring', 'carbonated lemon-lime beverage']",6,5899,0,This is a great recipe that's too easy.,556.9,205,High Calory,49
3091,kitty litter cake,"['spice cake mix', 'eggs', 'oil', 'water', 'white cake mix', 'vanilla instant pudding mix', 'cookies', 'green food coloring', 'tootsie rolls', 'new kitty litter box', 'pooper scooper']",11,9121,0,"It probably tastes really good, but what a STRANGE recipe!!  LOL!!",354.2,144,Low Calory,33
3333,dirt cake ii,"['oreo cookies', 'butter', 'cream cheese', 'instant vanilla pudding', 'milk', 'cool whip', 'flower pot', 'artificial flower']",8,8400,5,"This recipe is very tasty, and a big hit with the kids.  Make sure your cream cheese is soft before you mix it in or you'll have lumps.  If you don't have a flower pot on hand, a 9"" deep dish pie pan works well,too.",578.5,196,High Calory,8
3559,pumpkin bundt cake ii,"['yellow cake mix', 'instant butterscotch pudding mix', 'eggs', 'water', 'vegetable oil', 'canned pumpkin', 'pumpkin pie spice']",7,55056,5,"I made this to take in to my staff as a Monday-morning treat and they all but licked the plate!  The recipe works great, even in high altitude.  I did drizzle a simple powdered sugar icing on top, with a sprinkle of cinnamon added.  NOW, I have to find another great treat to take in because Kay missed it!  Thanks for the wonderful recipe, Johnson!",193.9,58,Low Calory,29
3595,better than sex cake iii,"['dark chocolate cake mix', 'water', 'vegetable oil', 'eggs', 'sweetened condensed milk', ""mrs richardson's caramel topping"", 'whipped topping', 'heath candy bars']",8,7994,0,I find this recipe hard to follow because im in australia  and need to find similar ingredients.,322.2,80,Low Calory,31
3782,chocolate sour cream cake   chocolate peanut butter frosting,"['sugar', 'all-purpose flour', 'baking soda', 'water', 'butter', 'cocoa', 'eggs', 'sour cream', 'milk', 'powdered sugar', 'vanilla extract', 'peanuts', 'peanut butter']",13,467265,5,the only word I have for this is orgasmic,522.6,242,High Calory,37
3794,ww peach angel food cake,"['angel food cake mix', 'peaches']",2,11044,5,"This makes a cake that is moist and delicious.
I also tried this with mandarin oranges
and I think it's even better than with the peaches.",185.8,94,Low Calory,45
4332,hot fudge pudding cake ii,"['granulated sugar', 'all-purpose flour', 'cocoa', 'baking powder', 'salt', 'milk', 'butter', 'vanilla extract', 'light brown sugar', 'water', 'whipped topping']",11,983969,5,"Thank you for your recipe.
Mmmm",327.9,178,Low Calory,16
4764,step pumpkin cheesecake,"['cream cheese', 'canned pumpkin', 'sugar', 'pumpkin pie spice', 'whipped topping', 'prepared graham cracker crust']",6,3460,5,"This is a great quick,easy,tasy cheescake.
the hardest thing about it is waiting for it to cool. Yum!

Jinx",382.8,109,Low Calory,32
4952,cake mix chocolate cookies,"['egg', 'milk', 'butter', 'chocolate chips', 'chocolate cake mix']",5,43505,4,These were pretty good!!,90.8,26,Low Calory,17
5170,pete s scratch pancakes,"['flour', 'sugar', 'salt', 'baking powder', 'eggs', 'butter', 'milk']",7,2002059796,3,Wasn't crazy about these.,209.6,17,Low Calory,24
5287,easy cake mix cookies,"['cake mix', 'vegetable oil', 'eggs', 'nuts']",4,7332,5,"This recipe is sooo easy to make, and its a real hit. Everyone in my house likes soft cookies, and these are the softest.  My favorite flavor of cake mix to use is lemon, but chocolate is good too (they taste like brownies!)",124,46,Low Calory,50
7356,dirt cake iii,"['flower pot', 'garden trowel', 'gummy worms', 'plastic flowers', 'oreo cookies', 'butter', 'cream cheese', ""confectioners' sugar"", 'vanilla', 'instant chocolate fudge pudding', 'milk', 'whipped topping']",12,6748,5,Great April Fool's day joke for the kids!  Fairly easy to make.,535.6,162,High Calory,29
7537,graham cracker cheesecake crust,"['graham cracker crumbs', 'butter', 'sugar']",3,114681,5,"Seet, simple, and good.  What more can I say?",166.6,52,Low Calory,27
7595,apple swirl cake,"['apples', 'sugar', 'cinnamon', 'cooking oil', 'eggs', 'orange juice', 'vanilla', 'flour', 'baking powder', 'salt']",10,45252,5,I made this cake for the first time today and I have to say it was one of the very best apple cakes I have ever tasted.  My husband thought it was terrific.  It will be one of our favorites from now on.  ,455.7,157,Low Calory,17
7883,red beet chocolate cake,"['unbleached flour', 'baking soda', 'salt', 'sugar', 'eggs', 'vegetable oil', 'beet', 'unsweetened chocolate', 'vanilla extract', ""confectioners' sugar""]",10,153188,5,"This is a wonderfully delicious cake!  I can't believe it is so moist and it doesn't even need frosting, the confectioners sugar is exactly right.  I was very skeptical at first, and even when I popped it in the oven, I thought ""I'm gonna end up throwing this out"".  Not a chance!  My DH HATES Beets, and I'm gonna trick him into trying this cake.  I know he's gonna gobble it up!!!  Thanks RitaL for adopting this fabulous recipe!",279.4,78,Low Calory,9
8445,fair funnel cakes,"['eggs', 'sugar', 'whole milk', 'all-purpose flour', 'salt', 'baking powder']",6,3090,5,I think this recipie is awesome. It tastes delicious and my whole family loved it.,595,78,High Calory,26
8635,chocolate earthquake cake,"['pecans', 'flaked coconut', 'german chocolate cake mix', 'eggs', 'oil', 'water', 'butter', 'cream cheese', 'vanilla extract', ""confectioners' sugar""]",10,27460,5,I have made this cake several times and it's always delicious. All who have tried it wanted my recipe.,754.5,308,High Calory,28
8692,jane s carrot cake,"['sugar', 'oil', 'eggs', 'vanilla', 'flour', 'cinnamon', 'baking soda', 'salt', 'coconut', 'carrots', 'pineapple', 'walnuts']",12,899752,5,"I can't believe in 7 years that no one has reviewed this recipe! I made this yesterday for a book club dessert. Everyone raved about it. Someone even said that it was impressive enough to be entered into a state fair (not that any of us had ever been to one). I watched as everyone savored every bite. It's moist, flavorful, rich, and has a great texture. I'm not a fan of nuts in baked goods, so I left them out. Raisins might be a nice addition as well. I baked it in 2 round nine-inch pans and set the timer for 30 minutes but kept it in longer until it was golden brown. It would be great without icing, but I HAD to top it off with homemade cream cheese icing. This is a keeper and although I'd like to claim this recipe as my own, I have no problem giving credit to Jane Graham, Ann Arber, and RecipeZaar. Thanks for sharing this great recipe!",611.7,150,High Calory,41
8726,fruit filled coffee cake,"['butter', 'sugar', 'eggs', 'flour', 'baking powder', 'salt', 'vanilla', 'pie filling']",8,8359,5,Great Recipe---My kids love it and I give them each turns picking the filling.  We h ave used strawberrys and cherry's so far--next time is blueberry---------,159.8,58,Low Calory,33
8843,kentucky butter cake,"['butter', 'granulated sugar', 'eggs', 'buttermilk', 'unsifted all-purpose flour', 'salt', 'baking powder', 'baking soda', 'vanilla', 'brown sugar', 'hot water']",11,64154,5,"I found this easy to make, but a little time consuming. Every minute spent was well worth the end results.
The cake was heavy like a pound cake and very tasty. 
I used the handle of a wooden spoon to poke the holes in it for the butter sauce. I feel that the handle was to thick for the needed results. The Crochet needle like recomended would of been right.
The next time I make this, I will add some cinnamon in the Butter Sauce. I believe that would really set the cake off. Thank you 
",5778.7,2067,High Calory,42
8846,lazy day oatmeal cake,"['rolled oats', 'boiling water', 'butter', 'sugar', 'vanilla', 'eggs', 'flour', 'baking soda', 'salt', 'cinnamon', 'nutmeg', 'brown sugar', 'cream', 'coconut', 'nuts']",15,25455,5,This has been one of my kid's favorite cakes for many years.,457.6,139,Low Calory,47
8847,carrot snack cake,"['margarine', 'sugar', 'egg', 'skim milk', 'vanilla', 'carrot', 'all-purpose flour', 'baking powder', 'ground cinnamon', 'salt', 'nutmeg']",11,37947,5,"This recipe was very simple and turned out great!!
I made while we had guests over b/c we didn't have anything sweet in the house. It took about 15 mins. to make, and 25 mins in the oven!! 
Things I changed were: replaced the egg with flaxmeal, added sliced almonds, added shredded coconut, and used half vanilla extract/half almond extract. I also had to reduce the sugar finding the batter to be a bit too sweet.
Thanks for the recipe!!",153.5,46,Low Calory,13
8972,waldorf astoria red velvet cake,"['shortening', 'sugar', 'eggs', 'red food coloring', 'cocoa', 'buttermilk', 'cake flour', 'salt', 'vanilla', 'baking soda', 'vinegar', 'flour', 'milk', 'butter']",14,30555,5,"This cake is a time consuming recipe.  I've made it dozens of times from a recipe (exact) that didn't give the Waldorf credit.  It is delicious. The icing has a wonderful flavor that does not compete with the rich, but delicate chocolate cake.  If you are a red velvet fan-This is the Gold Medal of all Red Velvets.",511,171,High Calory,41
9054,leftover mashed potato pancakes,"['mashed potatoes', 'egg', 'flour', 'salt', 'pepper', 'garlic', 'onion', 'chives', 'cheese', 'oil', 'sour cream']",11,2002084345,1,Mush,266.9,13,Low Calory,8
9168,coconut condensed milk cake,"['white cake mix', 'eggs', 'water', 'oil', 'condensed milk', 'cream of coconut', 'cool whip', 'flaked coconut', 'pecans']",9,22995,5,Great!!  I made it for my Mother-in-Law and she loved it.  The only change I made was the frosting.  I whisked 1 cup of milk and a small box of instant Jell-o vanilla pudding together and then folded in the Cool Whip.  Thanks for the recipe.,578.8,249,High Calory,27
9280,best carrot cake,"['eggs', 'sugar', 'oil', 'salt', 'baking soda', 'cinnamon', 'flour', 'carrots', 'walnuts', 'pineapple', 'vanilla', 'cream cheese', 'butter', 'powdered sugar', 'unsweetened coconut']",15,15656,4,"The  middle of my cake wasn't cooked like the rest.
Anybody know why? I put it back in the oven for 10 
more min. Turned out good :)",7705.2,1930,High Calory,25
9363,hand me down chocolate cake,"['butter', 'cocoa', 'eggs', 'vanilla', 'water', 'flour', 'sugar', 'baking soda', 'salt']",9,6357,5,"WOW!!!!!!

I love chocolates and thank you so much for putting such a lovely recipe online that too on the day when I won the SPRING contest here! I'll make this cake when I call my friends over for a party to celebrate today's thrill!
Thanks once again.",235.4,87,Low Calory,40
9371,chocolate chocolate pudding cake with chocolate ganache,"['eggs', 'sugar', 'unsweetened cocoa powder', 'flour', 'baking powder', 'butter', 'grand marnier', 'heavy cream', 'cornstarch', 'semi-sweet chocolate chips', 'pure vanilla extract', 'semi-sweet chocolate baking squares', ""confectioners' sugar""]",13,76629,5,"ABSOLUTELY FABULOUS! I baked this as a birthday cake for the boyfriend, and he loved it. Matter of fact, I've been told I can't bake him anything different next year -- LOL. All I did was look for something that was really chocolatey, and made from scratch. The one comment I'd make is that it is very time consuming. It's definitely worthwhile for special occasions, though!",1134.8,352,High Calory,20
9394,puff oven pancake,"['eggs', 'all-purpose flour', 'milk', 'salt', 'butter', 'powdered sugar', 'almonds', 'orange marmalade']",8,10366,0,"If you omit the nuts and spread with butter, powered sugar and fresh lemon juice.  My grandchildren love it this way.  You can add fresh fruit if you want.",470.2,194,Low Calory,41
9490,black coffee  chocolate cake,"['flour', 'sugar', 'cocoa', 'baking soda', 'baking powder', 'eggs', 'strong black coffee', 'buttermilk', 'grapeseed oil', 'vanilla']",10,116856,5,rich and dense cake with a deep chocolate flavor. I've been making this cake for a few years and it's the only recipe I will ever use. I frost mine with a kahlua frosting.,3805.6,1649,High Calory,25
9948,lemon cream cake,"['cream cheese', 'shortening', 'sugar', 'eggs', 'lemons, rind of', 'all-purpose flour', 'baking powder', 'salt', 'milk', 'lemon juice']",10,136997,4,I enjoyed the lemon flavor of this cake. Very interesting to use cream cheese instead of butter. ,360.7,108,Low Calory,18
10046,chocolate cheesecake muffins,"['cream cheese', 'sugar', 'flour', 'cocoa powder', 'baking powder', 'salt', 'egg', 'milk', 'oil']",9,13063,5,"Chocolate and cream cheese- in other words, heaven in a muffin!  These smelled incredible while baking, and were very good straight out of the oven.  They were even better after spending a bit of time in the fridge. I added a little white icing on top and took 'em into work- gone in minutes.  Thanks for a great recipe!
(hint- don't overmix!  I overzealously used my KitchenAide, and these came out a little dry.  Hand mix just until moistened!!)",263.8,63,Low Calory,29
10080,glazed prune cake,"['cooking oil', 'sugar', 'buttermilk', 'eggs', 'self-rising flour', 'baking soda', 'nutmeg', 'cinnamon', 'vanilla extract', 'salt', 'nuts', 'prune']",12,6357,4,Lovely! Pass on a kiss to your grandma from my side for such a lovely cake!,6376.9,2367,High Calory,17
10273,thin pancakes,"['eggs', 'milk', 'butter', 'baking powder', 'flour', 'salt']",6,130147,5,very good thin recipe. Cooked on a med-high griddle...great...and I did add blueberries...,67.7,0,Low Calory,36
10294,fabulous carrot cake,"['sugar', 'flour', 'baking soda', 'baking powder', 'salt', 'cinnamon', 'carrots', 'oil', 'eggs', 'walnuts', 'cream cheese', 'margarine', 'vanilla', 'powdered sugar']",14,13625,5,"I used butter instead of margarine; 6 carrots, 5 eggs, 3 spoons of vanilla and made some other (less dramatic) changes. The cake worked out great though! Thanks!!!",673.6,279,High Calory,15
10385,new zealand lolly log cake,"['butter', 'fruit puffs', 'condensed milk', 'biscuits', 'coconut']",5,11368,5,Just made this and it is absolutely beautiful so easy to make - well worth trying,188.7,29,Low Calory,12
10430,coconut bundt cake with powdered sugar glaze,"['cake flour', 'salt', 'butter', 'sugar', 'eggs', 'vanilla extract', 'coconut extract', 'unsweetened coconut milk', 'flaked coconut', 'powdered sugar', 'sweetened flaked coconut']",11,79159,5,"I love coconut and this recipe gave me plenty.  Very easy to make and it was gone in two days.  Did I mention it is just hubby and I, oh, I fell so guilty!  This was wonderful, thank you.",478.6,192,Low Calory,32
10455,mrs evan s apple cake,"['flour', 'sugar', 'baking powder', 'salt', 'oil', 'eggs', 'orange juice', 'vanilla', 'apples', 'cinnamon']",10,6357,5,"WOW! Its lovely, so tasty! Thank you for sharing it!!!",594.5,231,High Calory,45
10468,german chocolate cake frosting,"['evaporated milk', 'sugar', 'egg yolk', 'butter', 'vanilla', 'coconut', 'pecans']",7,14295,5,"I have made german chocolate cake twice, and there is no better way to eat it than with the original frosting.  It tastes really good. I prefer it without pecans.",1432.8,342,High Calory,26
10507,no fuss no mess potato pancakes,"['milk', 'potatoes', 'onion', 'eggs', 'flour', 'baking powder', 'salt and pepper']",7,15338,5,Thank you for this recipe!  I have always wondered how to make good potato pancakes.  I used Bisquick instead of flour and it worked fine.,180.8,9,Low Calory,15
10681,paula s easy carrot cake,"['oil', 'sugar', 'eggs', 'carrots', 'crushed pineapple', 'all-purpose flour', 'baking soda', 'salt', 'cinnamon', 'nuts', 'cream cheese', 'butter', 'powdered sugar', 'vanilla']",14,1904506,3,Gonna have to agree with Barb C's comment about the oily taste.,1288.8,453,High Calory,40
11119,cauldron cakes  spice cakes from harry potter,"['flour', 'sugar', 'baking powder', 'salt', 'butter', 'milk', 'vanilla extract', 'eggs', 'cinnamon', 'ginger']",10,81953,4,Simple to make and as non cake maker they came out a treat!  Very sweet but the kids absolutely loved them. Great!,156.3,57,Low Calory,36
11194,latkes  potato pancakes,"['potatoes', 'eggs', 'salt', 'all-purpose flour', 'baking powder', 'onion', 'black pepper', 'paprika', 'vegetable oil']",9,1095698,0,Delicious! We all loved em!,131.9,6,Low Calory,14
11252,newfoundland cod cakes,"['onion', 'parsley', 'potatoes', 'eggs', 'butter', 'cod', 'seasoned bread crumbs', 'lite olive oil', 'salt and pepper']",9,45698,5,"This is INCREDIBLE! My mother,who is not a fish fan,had to have some of this,it was sooo good!
I served it with homehade ""chips"" and it was perfect!
No question,this will become a regular meal in our home! Very pleased! Thanks for sharing! 8)",206.3,4,Low Calory,31
11329,banana nut cake,"['sugar', 'oil', 'eggs', 'bananas', 'flour', 'baking powder', 'buttermilk', 'baking soda', 'vanilla', 'nuts', 'butter', 'oleo', 'salt', 'powdered sugar', 'banana']",15,42040,5,"I bake quite a bit and found this cake to be moist and flavorful. I will certainly make this again with all the ""past prime"" bananas that I have in my house",482.9,218,Low Calory,9
11595,ww pineapple muffins or cake,"['angel food cake mix', 'crushed pineapple']",2,102686,5,I made this last night and it was wonderful.  I'm trying to be on a low-fat diet and wanted some kind of dessert and this did the trick.,374.5,205,Low Calory,18
11763,easy lemon pound cake,"['butter', 'sugar', 'eggs', 'lemon juice', 'salt', 'flour', 'baking powder', 'milk']",8,22658,5,This recipe was quick and easy and delicious. I use it to make several pound cakes for my church.,338.6,126,Low Calory,16
11803,pineapple pecan cake,"['sugar', 'flour', 'eggs', 'baking soda', 'crushed pineapple with juice', 'pecans', ""confectioners' sugar"", 'cream cheese', 'butter', 'vanilla']",10,30765,5,My neighbor and I gained about 50lbs on this cake.;)) We have made it for at least 25 years.,665.6,375,High Calory,46
12080,pumpkin marble cheesecake,"['gingersnap crumbs', 'pecans', 'margarine', 'cream cheese', 'sugar', 'vanilla', 'eggs', 'canned pumpkin', 'ground cinnamon', 'ground nutmeg']",10,9690,0,This went fast at a recipe exchange. This one I enjoyed the most,481.9,92,Low Calory,26
12094,autumn apple cheesecake,"['graham cracker crumbs', 'pecans', 'sugar', 'ground cinnamon', 'margarine', 'cream cheese', 'eggs', 'vanilla', 'apples']",9,9690,0,I went to a recipe exchange and this one was a favorite,408.6,120,Low Calory,31
12105,streusel plum cake,"['granulated sugar', 'soft margarine', 'eggs', 'all-purpose flour', 'baking powder', '2% low-fat milk', 'plums', 'brown sugar', 'cinnamon', 'icing sugar', 'milk', 'vanilla']",12,49312,5,Five stars isn't enough for this recipe! You have brought back a wonderful childhood memory for me.  When I was a child I lived next to a man who was a professional baker and when plums were in season he made something very similar to your recipe and it was my favorite.  I've been wanting it ever since and now I've found it thanks to you. I made it tonight for my Mother's 88th Birthday and it was a five star sensation!!,277.3,137,Low Calory,21
12166,coffee cake over night,"['flour', 'sugar', 'brown sugar', 'shortening', 'buttermilk', 'baking powder', 'cinnamon', 'salt', 'eggs', 'baking soda', 'granulated sugar', 'nuts']",12,27643,5,This was so good! Very easy to make. The only thing I did to this recipe was increase the cinnamon by 1/2 t in the batter. Couldn't wait for it to come out of the oven in the morning.,577.4,282,High Calory,49
12313,depression fudge cake,"['sugar', 'buttermilk', 'flour', 'baking soda', 'salt', 'vanilla', 'cocoa', 'butter', 'powdered sugar', 'hot water']",10,6357,5,"Oh well, it is so good! I wished while I was baking this cake that I were a spoon or bowl in which the ingredients were mixed by me to make it.
I used 1 cup (minus 1 tbsp) of Fresh milk and added 1 tbsp of lemon juice instead of the buttermilk. Rest of the things I have stuck to this recipe. It's a very nice cake and quite easy too. The fact that it is eggless makes it all the more nice as many people I know don't have eggs at all, hence, I have many more soon going to be ""lovers"" of this cake! I'd say that if your depressed or low, request mom to make this for u if u love cakes n chocolate - Just put in 1 piece  of cake and watch your depression run away for miles from you:) Last but not the least, I loved the deep dark brown colour of the cake when done. I garnished it with some chopped almonds and maraschino cherries that made it look all the more yummy and mouth watering and oh well, my stomach says ""Give me more of Depression Fudge cake now and NOW means NOWWWWWW""!!!:)",271.6,149,Low Calory,22
12564,egg free milk free chocolate cake,"['all-purpose flour', 'white sugar', 'cocoa', 'baking soda', 'baking powder', 'salt', 'canola oil', 'white vinegar', 'pure vanilla extract', 'water']",10,569506,5,this cake is moist and yummy!!  It saved my son's birthday!,324.7,133,Low Calory,8
12591,angel food cake   homemade,"['cake flour', 'sugar', 'egg whites', 'cream of tartar', 'salt', 'vanilla', 'almond extract']",7,826303,5,Delicious!  Just melts in your mouth. Will definitely be making again.,124.8,82,Low Calory,19
12808,triple orange cake,"['orange jell-o', 'orange cake mix', 'canola oil', 'water', 'eggs', 'orange juice', 'icing sugar']",7,17608,5,"This is really a great cake!  Sometimes you need a break from the norm, this will do just fine.  Quick, easy, very tasty.",406.4,160,Low Calory,49
13178,cheesecake kugel,"['cottage cheese', 'sour cream', 'milk', 'unsalted butter', 'eggs', 'sugar', 'vanilla extract', 'broad egg noodles', 'raisins', 'cinnamon']",10,9580,5,"This is indeed a keeper!  I made it for a church cake sale.  I cut into little squares and put each in a cupcake liner.  I made two 13"" x 9"" pans of kugle half with raisins half without.  Here's to you Mrs. Dorn---KUGLES ROCK!",213,36,Low Calory,37
13367,fudge pudding cake,"['all-purpose flour', 'white sugar', 'cocoa', 'baking powder', 'salt', 'milk', 'canola oil', 'brown sugar', 'hot water']",9,132396,2,"Agreed, much much too watery and the taste wasnt that good",344.6,205,Low Calory,16
13813,pumpkin upside down cake,"['eggs', 'pumpkin', 'evaporated milk', 'cinnamon', 'ginger', 'nutmeg', 'salt', 'sugar', 'yellow cake mix', 'butter', 'nuts']",11,1533,5,"This is amazing, everyone enjoyed it.
We all loved the crunch.
I had 2 cans of pumpkin so I was all set.
Thanks for such a great treat.
Its a keeper.",249,82,Low Calory,10
13921,cake in a mug,"['cake mix', 'instant pudding mix', ""confectioners' sugar"", 'lemonade mix']",4,29893,5,"This sounds like a cute, unusual  gift for any special and/or non-special day.....I will try this one, ASAP..Almost like a cake in a jar mix.......
Beve",2413.8,1324,High Calory,36
14026,good morning pancakes,"['all-purpose flour', 'baking powder', 'white sugar', 'eggs', 'milk', 'vegetable oil', 'vanilla']",7,27643,5,These are the BEST!!! Light and fluffy. We had these with lots of butter and maple syrup. Sinfully delicious!!,458.8,34,Low Calory,34
14049,mrs cobb s coconut cake,"['sugar', 'shortening', 'all-purpose flour', 'baking powder', 'salt', 'milk', 'egg whites', 'almond extract', 'flaked coconut', 'apricots', 'cornstarch', 'butter', 'cream cheese', 'powdered sugar', 'vanilla extract', 'coconut']",16,8688,5,"MG, if you still have not made this cake yet, you are missing out on a fabulous treat!  I made this cake for my father's birthday yesterday and it could easily be the best tasting cake I have ever prepared!!  I substituted butter for the shortening and eliminated the filling altogether, using frosting between the layers. To do this, I did not have to make extra frosting, there was plenty. One  bite and I knew I this recipe would quickly become one of my favorites to make over and over again!  The cake is light and delicious, the frosting is scrumptious! Thanks, MG, for making my father's birthday a success!",656.3,300,High Calory,44
14125,coffee cake with cranberry swirl,"['butter', 'white sugar', 'eggs', 'baking powder', 'baking soda', 'all-purpose flour', 'salt', 'sour cream', 'almond extract', 'whole berry cranberry sauce']",10,9926,5,I recently made this for a Thanksgiving Day breakfast and it got rave reviews from everyone. I also thought that it was very easy to put together. This one is a keeper!,287,98,Low Calory,50
14130,banana pancakes  eggless,"['all-purpose flour', 'whole wheat flour', 'salt', 'baking powder', 'white sugar', 'skim milk', 'bananas']",7,23746,4,"I LOVED this recipe, and the only reason I took away one star was the fact that it was a bit bland in the taste. A great, healthy means of eating for breakfast and I love eating this before a big sports event or game, since I don't like the fat content in foods. To give it a bit more flavor, I suggest adding Cinnamin to the batter, it adds a lot of flavor.",91.5,11,Low Calory,40
14248,died and gone to heaven chocolate cake,"['all-purpose flour', 'granulated sugar', 'dutch-processed cocoa powder', 'baking soda', 'baking powder', 'salt', 'buttermilk', 'light brown sugar', 'eggs', 'canola oil', 'vanilla', 'strong black coffee', ""confectioners' sugar""]",13,10216,5,"mmmmmmmmmm....chocolate...drooooollll.... I have an annoying habbit of adding more chocolate than a recipe adds for, but I think this one covers it *LOL* great!",238,137,Low Calory,11
14357,easy pineapple upside down cake,"['yellow cake mix', 'eggs', 'oil', 'water', 'dark brown sugar', 'butter', 'pineapple slices', 'maraschino cherries', 'walnut halves']",9,6357,5,"This cake is really yummy, I'd made it co-incidentally 3 days back:) Its quite similar to Chef Tebo's Easy dump cake and is really ""MMMMMMMMMMMMMMMMMMMMMMMMM""!!",573.9,245,High Calory,27
14406,harry s coffee break cinnamon cake,"['nuts', 'brown sugar', 'cinnamon', 'margarine', 'vanilla', 'eggs', 'milk', 'flour', 'baking powder', 'salt']",10,50053,5,"My family liked this cake and it made a nice breakfast cake.  I made it for our Sunday breakfast and the kids had fun helping me make it and then eating it.  My family isn't as crazy for nuts in their cakes and that was the only complaint, but that was a personal thing.  I thought the nuts were good.  What do they know?  Thank you for sharing this recipe.  I will make it again in the future.  (a boring nutless one for my husband and children and then the good nut filled kind for me!!!)",3269.5,1296,High Calory,40
14457,wendy s rhubarb stir cake,"['butter', 'brown sugar', 'egg', 'vanilla', 'all-purpose flour', 'baking soda', 'salt', 'sour cream', 'rhubarb', 'white sugar', 'nutmeg']",11,17608,5,Yum Yum Yum!  That's what I said when I took it out of the oven and I haven't stopped saying it since.  Just like the one my mom used to make!  Thanks Lennie.,303.4,134,Low Calory,18
14461,pumpkin and spice sour cream coffee cake,"['all-purpose flour', 'baking powder', 'baking soda', 'salt', 'margarine', 'granulated sugar', 'eggs', 'butter flavoring', 'orange extract', 'vanilla extract', 'pumpkin', 'sour cream', 'pecans', 'brown sugar', 'pumpkin pie spice']",15,83093,5,"Oh  Mirj, this is a lovely cake! I made 1/2 a recipe and baked it in a loaf pan.  In exactly 35 minutes, it was done to perfection. I used this recipe for recipe #184985 and otherwise made as written.  I am glad that you mentioned the _curdled_ look because mine sure had it. ;-) Thanks so much for sharing your recipe!",352.7,118,Low Calory,33
14499,bacardi rum cake,"['pecans', 'yellow cake mix', 'vanilla instant pudding mix', 'eggs', 'cold water', 'cooking oil', 'dark rum', 'butter', 'water', 'sugar']",10,1221657,5,"GREAT recipe!!!!
Thanks!!!",669.4,205,High Calory,13
14531,easy oreo ice cream cake,"['cool whip', 'mint chocolate chip ice cream', 'oreo cookies']",3,25941,5,"This was a great and yes a very easy cake.  I served it at my 11 year old daughters birthday and they gave it a definite thumbs up.  Also, it is alot cheaper to make than to buy an ice cream cake from the store.",161.8,56,Low Calory,40
14561,new york style cheesecake on shortbread crust,"['all-purpose flour', 'white sugar', 'egg', 'butter', 'cream cheese', 'salt', 'eggs', 'egg yolks', 'vanilla extract', 'heavy whipping cream']",10,28649,5,One word-Heaven-this was excellent.  The only thing I will do next time is run a knife around the pan before I loosen the springform ring. I will definitely be making this again.,489.5,113,Low Calory,25
14741,cherry chocolate cake,"['chocolate cake mix', 'cherry pie filling', 'eggs']",3,6357,5,"&quot;Delicious, Yummy, Extra-ordinary, bizzare&quot;! Just too tasty!! Loved it, thanks a tonne for sharing it, will be a nice one to make on Valentine's Day!",514.9,131,High Calory,8
14796,basic philly cheesecake,"['graham cracker crumbs', 'sugar', 'margarine', 'philadelphia cream cheese', 'white sugar', 'eggs', 'vanilla', 'pie filling']",8,128693,4,"This was the first time I made a cheesecake and the directions were very clear and easy to follow. Next time, I'm going to double the crust recipe and have some crust around the  outside edge, and also use 1 cup of sugar in the filling, as I like my cheesecake just a bit sweeteer. Overall, this is terrific!!",394.4,94,Low Calory,27
15068,mexican wedding cakes,"['unsalted butter', 'vanilla extract', 'all-purpose flour', 'pecan halves', 'powdered sugar', 'salt']",6,13067,5,These were the best wedding cookies I have tasted. Everyone that tried them liked them. They just seem to melt in your mouth.,82.1,24,Low Calory,10
15518,ricotta cake,"['yellow cake mix', 'eggs', 'oil', 'water', 'ricotta cheese', 'vanilla', 'sugar', 'cinnamon sugar']",8,25998,0,"I will try recipe this weekend.
It sounds yummy",246,83,Low Calory,37
15529,carrot cake   large,"['carrots', 'light brown sugar', 'raisins', 'eggs', 'white sugar', 'vegetable oil', 'vanilla extract', 'crushed pineapple', 'all-purpose flour', 'baking soda', 'salt', 'ground cinnamon', 'walnuts']",13,23728,0,"Hi CC,  the filling is the 'frosting' that goes between the layers.....",455.5,169,Low Calory,14
15532,cookie dough cheesecake,"['chocolate wafer crumbs', 'sugar', 'butter', 'cream cheese', 'eggs', 'sour cream', 'vanilla extract', 'refrigerated chocolate chip cookie dough', 'mini chocolate chip']",9,50605,5,"I made this for a party, and it was a huge hit! It was absolutely delicious. My friends were delighted that two of their favorite flavors, cheesecake and cookie dough, were together in one dessert! I actually forgot to put the mini chocolate chips on top, but I don't think anyone minded. It disappeared quickly and I received many compliments and requests for the recipe. And I thought it was relatively easy to make, since it uses store-bought cookie dough. Thanks, Erin, for sharing this recipe. :-)",634.9,112,High Calory,15
15664,pistachio cake  from mix,"['instant pistachio pudding mix', 'white cake mix', 'eggs', 'vegetable oil', 'water', 'powdered sugar']",6,27643,5,"We loved this! It is so moist, and so good. This one is a snap to make. I added 1/2 t almond flavoring to the batter. It was really good. And it looks beautiful with the powdered sugar on top. My Sis kept telling everyone they wouldn't like it, so they wouldn't eat it all up!! I can see I will be making this one a lot!! Thanks Steve!",222,71,Low Calory,27
15682,chunky apple spice cake with vanilla butter sauce,"['butter', 'light brown sugar', 'eggs', 'pure vanilla extract', 'all-purpose flour', 'pumpkin pie spice', 'ground allspice', 'salt', 'apples', 'walnuts', 'raisins', 'baking powder', 'whipping cream']",13,148715,5,This made a great dessert on a cold fall day.  So simple and tastey,412.3,153,Low Calory,47
15835,chocolate cherry cake with chocolate cream cheese frosting,"['chocolate cake mix', 'eggs', 'water', 'olive oil', 'cherry pie filling', 'chocolate frosting', 'cream cheese', 'maraschino cherry']",8,26041,5,"OH so moist and ever so delicious!  Made this for my Dh's birthday cake and everyone was asking for a second piece. It was so simple to make too, and very delicious!  Thanks!!",4395.9,834,High Calory,18
15937,apple oat coffee cake,"['all-purpose flour', 'whole wheat flour', 'sugar', 'margarine', 'skim milk', 'baking powder', 'ground cinnamon', 'salt', 'ground nutmeg', 'ground allspice', 'egg whites', 'apples', 'apple', 'firm margarine', 'quick-cooking oats', 'brown sugar', 'nuts']",17,37947,5,"This cake turned out scrumptiously and the recipe was very easy to follow!! In the cake, I replaced a bit of the flour with oats to add more fiber; for the filling, I used cream cheese instead of butter b/c I was runing low on butter but high on the cream cheese (turned out perfectly); used toasted almonds in the filling, added raisins to the cake, and put my new spice that I received from miller in also (cardamom) as I did not have all the spices. I also used 1 egg istead of just the egg whites. I will definantly be making this in the future!! thanks a lot Mirj!! ",235.2,81,Low Calory,35
16008,white cake,"['butter', 'sugar', 'eggs', 'vanilla', 'flour', 'baking powder', 'salt', 'milk']",8,28811,5,"This cake was awesome!!!!!! My family loved it!  I sprinkled powdered sugar over the top instead of frosting - perfect!  Very moist, very fluffy!",350.9,117,Low Calory,21
16106,wacky chocolate orange cake with orange frosting,"['flour', 'sugar', 'cocoa', 'baking soda', 'salt', 'olive oil', 'white vinegar', 'vanilla extract', 'orange extract', 'orange juice', 'unflavored gelatin', 'water', 'heavy whipping cream', ""confectioners' sugar""]",14,27922,5,I make the original version of this cake on a regular basis. But this is a twist I know will be great- orange & chocolate yum! Something different & ever so fast.,410.8,120,Low Calory,49
16195,bacardi double chocolate rum cake,"['chocolate cake mix', 'semi-sweet chocolate chips', 'chocolate instant pudding', 'bacardi dark rum', 'raspberry preserves', 'water', 'shortening', 'canola oil', 'vanilla flavored square', 'eggs']",10,29029,5,"Fairly easy recipe, made it for Valentine's Day dessert. Turned out almost too pretty to eat. Had a glass of Cabernet with it and the wine really brought out the chocolate and raspberries.",444,147,Low Calory,30
16216,classic white cake,"['unsalted butter', 'sugar', 'all-purpose flour', 'baking powder', 'salt', 'egg whites', 'milk', 'vanilla extract']",8,8688,5,"I was searching for a cake to properly complement ChrissyO's Lemon Butter recipe #27934 and came up with your delicious cake, Steve! What a fabulous find!  This cake stands completely on its own! Fabulous moist texture and flavor!  I made a 13x9x2"" cake knowing that I would be serving it with the Lemon Butter.  I followed your excellent directions exactly. I highly recommned serving this cake with the Lemon Butter- really tasty!!  Thank you so much for sharing this recipe with us, Steve!!",1770.9,605,High Calory,26
16472,death by chocolate cake,"['chocolate cake mix', 'eggs', 'oil', 'water', 'cool whip', 'sweetened condensed milk', 'caramel topping', 'heath candy bar']",8,54271,5,This is a sinful cake!! I used a devils food cake mix and hot fudge ice cream topping and OMG!! to die for GOOD!  It was a good thing I took this to work....HaHa! Thanks for posting!,350.7,116,Low Calory,10
16475,rich lemon cake,"['butter', 'sugar', 'eggs', 'lemon, zest of', 'baking powder', 'almond extract', 'milk', 'flour', 'lemon juice', 'powdered sugar']",10,23394,5,"I had a tea party yesterday and made this very-easy cake, which my guests described as ""sooo good!""
It is really simple to make, if a little difficult to get out of the bundt pan, and it has a pleasantly tangy flavor.
Outstanding!",615.5,280,High Calory,32
16489,million dollar pound cake,"['butter', 'sugar', 'eggs', 'all-purpose flour', 'milk', 'almond extract', 'vanilla extract']",7,411383,5,"Absolutely Wonerful! Easy, moist.  A hit with all.",498,150,Low Calory,48
16550,kartoshnik    potato cake,"['potatoes', 'eggs', 'whipping cream', 'salt', 'swiss cheese', 'sharp cheddar cheese', 'onion', 'baking powder', 'butter', 'sour cream', 'green onion']",11,29286,5,"My husband and I had two couples over for a fried Pickerel dinner this evening and I wanted to have a potato dish to go along with it that I could do ahead of time since I would be busy frying up the fish. I prepared the dish making one change. I used only cheddar cheese in the recipe and it was a mild one. I didn''t want anything to strong as I wanted the fish to be the main focus of the meal. I had the potato mixture all ready a couple of hours before dinner then just before baking I added the baking powder to mixture and got it into the oven. It rises beautifully, and looks nice, and tastes really light and airy. This recipe is certainly a keeper. My other side dishes were honey glazed carrots and a wild rice casserole with mushrooms and slivered almonds.
Does anybody know the national origin of this dish?  Is it Polish,  Ukrainian or maybe Russian?",345.9,7,Low Calory,45
16598,overnight cinnamon coffeecake,"['dinner rolls', 'instant butterscotch pudding mix', 'brown sugar', 'cinnamon', 'butter', 'pecan pieces']",6,28201,5,"This was amazingly simple and the end result was delicious!  The butterscotch pudding mix really added a wonderful flavor!  I had a 9 AM staff meeting this morning and took this still warm into work with me.  Everyone dove right in!  Thanks Mysterygirl, this is a definate keeper!",380,111,Low Calory,22
16702,zucchini pancakes,"['fresh zucchini', 'eggs', 'all-purpose flour', 'granulated sugar', 'salt', 'extra virgin olive oil', 'baking powder', 'butter']",8,12118,5,"This recipe is really good. You can have them plain, with sour cream or ranch dressing on top. I tried a couple with a bit of grated carrott in the batter too with wonderful results.  These make a great side dish, meal or breakfast.",363,9,Low Calory,44
16733,banana pudding cake,"['yellow cake mix', 'vegetarian banana pudding mix', 'banana', 'eggs', 'water', 'vegetable oil']",6,91867,5,"Wow this is super yummy!  The cake turned out moist and flavorful.  Next time I think I will add more banana though - 1/2 cup didn't really seem like enough.  My DH said that this cake tasted just like banana bread.  
I did add the frosting to it, and I loved the flavor it added.  The next time, (can you tell I am already planning on the next time?  LOL!)I will add some cream cheese to the frosting.  
Mmmmmm Banana cake with cream cheese frosting.  
Thank you for the excellent recipe Lennie.  I can't believe no one has made this before.  It is so easy and moist.  It took me less than 5 minutes to get this into the oven.  You can't beat that.  Thank you!!!!!!!!!",256.1,78,Low Calory,46
16773,double coconut cake with fluffy coconut frosting,"['cooking spray', 'cake flour', 'baking powder', 'salt', 'sugar', 'butter', 'eggs', 'light coconut milk', 'vanilla', 'sweetened flaked coconut', 'cream of tartar', 'hot water', 'coconut extract']",13,63048,5,"This cake is incredible, dream-like and perfect!!! I made it for my mom for Mother's Day and everybody loved it.  The icing is wonderful!! Definately making this again soon....",324.8,160,Low Calory,45
17253,individual mini cherry cheesecakes,"['cream cheese', 'sugar', 'eggs', 'lemon juice', 'vanilla', 'vanilla wafers', 'cherry pie filling']",7,31774,5,These were incredible and deserve a 5-star rating. I not only made cherry but made blueberry also.,304.7,55,Low Calory,20
17480,carat carrot cake,"['flour', 'baking powder', 'baking soda', 'salt', 'ground cinnamon', 'eggs', 'sugar', 'oil', 'raw carrots', 'crushed pineapple in juice', 'nuts', 'butter', 'cream cheese', 'vanilla', ""confectioners' sugar""]",15,56002,5,"I made this cake for my sister's very small wedding in May, and it went over so well that she has asked me to make it for her bigger wedding reception in August. I would say more than 5 stars from anyone who tried it.Will probably make it in the form of a sheet cake for the reception. Thanks Sharlene :-).",805.6,300,High Calory,50
17488,peanut butter fudge cake,"['butter', 'cocoa', 'sugar', 'flour', 'baking powder', 'baking soda', 'water', 'buttermilk', 'eggs', 'vanilla extract', 'peanut butter', 'oil', ""confectioners' sugar""]",13,6357,5,This is a real yummy cake. I made this as part of our food for tomorrow on the occasion of our New year(Chetichand). Thank you for sharing!,783.8,296,High Calory,31
17509,no bake cherry cheesecake pie,"['prepared graham cracker crust', 'cream cheese', 'sugar', 'frozen dessert topping', 'cherry pie filling']",5,29271,5,"My whole family loved this recipe and even the extre large crust left no leftovers! This was quick to make and didnt require many ingredients, this is definitely a make again.",460.7,125,Low Calory,38
17588,italian love cake,"['ricotta cheese', 'sugar', 'eggs', 'vanilla', 'instant chocolate pudding mix', 'milk', 'non-dairy whipped topping', 'fudge marble cake mix']",8,916989,5,"Have been making this for years. One of my favorites....everyone LOVES it!  

So easy to make and looks &amp; tastes GREAT",507.2,208,High Calory,46
17617,coconut pound cake,"['butter', 'sugar', 'eggs', 'flour', 'baking soda', 'sour cream', 'coconut extract', 'rum extract', 'flaked coconut', 'water', 'almond extract']",11,28846,5,"This is the best coconut pound cake recipe I've made thus far!  The coconut extract is just what the recipe needs to give it the coconut flavor; not just the coconut texture with a bit of flavor.  I absolutely loved the idea of the syrup on the cake rather than a glaze.  At first I thought it would make the cake very sweet but the syrup on the cake is actually less sweet than a glaze.  The syrup adds to the moistness of the cake and provides a different twist from a traditional glaze.
I used butter rather than oleo just because I prefer to bake with butter and did not use the rum extract because I didn't have any on hand(also not a big rum fan so I'm not sure if I'd like it).  The one thing I needed was a pastry brush to brush on the glaze.  It was a little difficult trying to drizzle it to get the same effect as a brush.  The recipe doesn't call for it but, I'm probably going to keep the cake in the refrigerator as the moistness may cause the cake to mold quickly.  This recipe is definitely a keeper!",343.3,139,Low Calory,17
17624,texas cheesecake,"['tortilla chips', 'margarine', 'cream cheese', 'egg', 'colby-monterey jack cheese', 'green chili', 'garlic powder', 'tabasco sauce', 'sour cream', 'red bell pepper', 'green onion', 'ripe olives']",12,28201,5,"Thank you Mark for this wonderful recipe!  I made it for my Oscar bash last Sunday, and it went over big time!  I've had other appetizer cheesecake recipes before, but this is definately the ""creme da la creme""....even some guests who don't care for cream cheese raved about it!",438.3,5,Low Calory,22
17776,mrs  knobbes gooey butter cake,"['egg', 'butter', 'yellow cake mix', 'cream cheese', 'powdered sugar', 'eggs', 'vanilla']",7,22015,5,"Decadent.  If you love rich cream cheese desserts, this one is for you.  It has been a favorite around this family for years.  Thanks for reminding me of this dish.  I'll have to make it again.",386,179,Low Calory,8
17794,walnut banana upside down cake,"['light brown sugar', 'unsalted butter', 'pure maple syrup', 'walnuts', 'bananas', 'all-purpose flour', 'baking powder', 'cinnamon', 'salt', 'white sugar', 'egg', 'pure vanilla extract', 'milk']",13,6357,0,"I am so sorry, Auntie Lennie, this didn't work out for me. It breaks my heart to give a bad review, but this was a total disaster for me today. I followed each and every step of the instructions, but even after having baked this cake for 1 hour 35 minutes in my AMC Dutch Oven, this cake made my kitchen countertop and drawers a total mess. When removing the cake from the pan, the topping off this cake just ran down the drawers. I am feeling most bad because I was wanting to make this recipe since ages. ",483.5,232,Low Calory,49
17865,ice cream cone cupcakes,"['cake mix', 'ice cream cones', 'frosting', 'candy sprinkles']",4,357389,5,I love these!!!! My mom made these when we were little. My son turns 4 soon and I'll be making them for him :),187,95,Low Calory,48
17927,junior s famous cheesecake,"['cake flour', 'baking powder', 'salt', 'eggs', 'sugar', 'pure vanilla extract', 'lemon extract', 'unsalted butter', 'cream of tartar', 'cream cheese', 'cornstarch', 'heavy whipping cream']",12,176989,5,"Hey there.   I just got an email that my Junior's cheesecake recipe was just deleted off the site because there is a similar one listed....here it is.  I am sad to see you have not made it yourself.   I made this for Thanksgiving at my parents house last year.  The only other dessert that was touched out of 8 desserts was the pumpkin pie and that was by me, I had to have a slice...everyone else ate the cheesecake.  Everyone there begged me for the recipe.  Imagine that, a gaggle of jewish grandmothers asking the 29 year old tattooed mechanic how to make a cheesecake.

The most important part of this cheesecake is to let all the ingredients sit out to get to room temperature before you start.  This is VERY IMPORTANT.  Also, do not skip any ingredients if you do not have them (like cream of tartar)  It may not seem important, but the recipe is exact and the instructions are very clear.   I would recommend everyone go out and buy the Junior's cookbook.  ",538.2,152,High Calory,46
18007,key lime cheesecake squares,"['graham wafers', 'vanilla wafers', 'blanched almond', 'butter', 'cream cheese', 'granulated sugar', 'egg', 'lime zest', 'key lime juice', 'tapioca starch']",10,38094,5,These were a hit at a dinner party.The topping is wonderfully tart and the crust is particularly good - plan to use the crust for other goodies.  Thanks.,54.1,12,Low Calory,38
18085,vera s rhubarb cake,"['shortening', 'sugar', 'egg', 'vanilla', 'flour', 'baking soda', 'salt', 'buttermilk', 'rhubarb', 'butter', 'cinnamon', 'brown sugar']",12,39650,5,"This was very good! My son loves it. The only thing I did different was I added some flour to the topping because it was very wet but I think my butter was probably too soft and I added half the topping before I put it in the oven and then added the rest when it was about half done, just because that's the way I had been taught to add a crumb topping. I have a lot of rhubarb here to use all summer and I will deffinatly be making this again.",613.4,264,High Calory,44
18121,guinness cake,"['unsalted butter', 'dark brown sugar', 'eggs', 'plain flour', 'baking powder', 'baking soda', 'guinness stout', 'cocoa powder', 'chocolate', 'butter', 'icing sugar', 'walnuts']",12,30080,5,easy to make - tasted great!!!!  my boyfriend (who loves guinness) was way surprised by the taste - he loved it!!!  one note - make sure you use 8-inch pans - not 9 inch like i did!!  had to make it twice to get the timing right,622.2,173,High Calory,36
18124,sour cream coffee cake,"['butter', 'sugar', 'eggs', 'vanilla', 'flour', 'baking soda', 'baking powder', 'sour cream', 'brown sugar', 'cinnamon', 'nuts']",11,29212,0,"Ennyrat....Thanks for your comments about the cake.  I have never made this that it has been dry so the next time I make it, I will check the time more carefully and change the baking time in the recipe if need be.",642.4,180,High Calory,25
18305,spicy applesauce cake,"['all-purpose flour', 'baking soda', 'ground cinnamon', 'ground nutmeg', 'ground cloves', 'brown sugar', 'oil', 'applesauce', 'raisins', 'walnuts', 'powdered sugar']",11,85409,5,"Yum!! This was REALLY good.  Not a crumb left.  My four year old kept getting pieces and taking them to people saying, ""You have to try this!""  Very good.  don't change anything!!
",480.8,134,Low Calory,20
18529,carrot cake,"['carrots', 'sugar', 'salad oil', 'eggs', 'flour', 'baking soda', 'cinnamon', 'salt', 'nuts', 'cream cheese', 'butter', 'powdered sugar', 'vanilla']",13,63717,4,"Had a birthday party and made 3 cakes , chocolate, angle food and carrot.  The carrot cake was the first to go .  Must mean everyone loved it.",464.9,146,Low Calory,25
18575,german chocolate cake squares,"['water', ""baker's german's chocolate"", 'all-purpose flour', 'baking powder', 'salt', 'sugar', 'unsalted butter', 'eggs', 'vanilla extract', 'buttermilk', 'semi-sweet chocolate chips', 'evaporated milk', 'egg yolks', 'almond extract', 'sweetened flaked coconut', 'pecans']",16,28846,5,"This isn't a cake for the calorie conscious but it is decadent.  The cake is moist and flavorful, and of course, the traditional german chocolate frosting is wonderful.  I liked the addition of chocolate chips to the top of the cake (some dropped and floated in the cake when baked) and on top of the frosting.  This cake looks very pretty with all the texture to the frosting and the chocolate chips sprinkled across the top.  The directions were easy to follow though I may have cooked my frosting longer than directed as I was afraid the frosting would be too thin.  I can't wait until I have an opportunity to bring a cake to something as I'd imagine this cake would go over very well (and quickly too).  Definetly a keeper!!",904.8,306,High Calory,34
18693,zucchini chocolate cake,"['butter', 'vegetable oil', 'sugar', 'eggs', 'buttermilk', 'vanilla', 'cocoa', 'flour', 'baking soda', 'salt', 'zucchini', 'chocolate chips', 'walnuts']",13,22015,5,This is great and so moist that you don't need to frost it.  Very easy too.,310.2,96,Low Calory,22
18880,baltimore crab cakes,"['crabmeat', 'egg', 'worcestershire sauce', 'mustard seeds', 'mayonnaise', 'sour cream', 'lemon juice', 'prepared mustard', 'unsalted butter', 'parsley flakes', 'old bay seasoning', 'breadcrumbs', 'lemon wedges']",13,30603,0,"I'm from Baltimore, and no recipe have I seen that has melted butter in it for crab cakes.  I would omit the butter and add extra bay seasoning.  Also Marylanders use moistened bread torn in pieces, not bread crumbs.  I think altering this recipe would make it a hit and definitely taste better.",221.7,5,Low Calory,33
19050,easy chocolate raspberry cheesecake,"['chocolate graham wafer pie crust', 'cream cheese', 'sweetened condensed milk', 'egg', 'lemon juice', 'vanilla extract', 'fresh raspberries', 'semisweet baking chocolate', 'whipping cream']",9,20754,5,"Erin, this cheesecake was out of this world!  So delcious! It is a definite keeper in this house!  Thanks!",430.3,184,Low Calory,48
19324,peach upside down pudding cake,"['butter', 'light brown sugar', 'yellow cling peaches', 'yellow cake mix', 'vanilla instant pudding mix', 'eggs', 'sour cream', 'oil', 'vanilla extract']",9,43216,5,"I just made this cake and it is OHHHHHHH soooooo good.
This recipe is a keeper :)",413,158,Low Calory,13
19565,cream puff cake,"['water', 'butter', 'all-purpose flour', 'eggs', 'cream cheese', 'milk', 'instant vanilla pudding', 'cool whip', 'chocolate syrup']",9,30454,3,"Wasn't as good as I thought it would be.
MUST be eaten within 1 day of making or the crust goes soggy. Also you may want to just make regular cream puffs as the crust is really much thicker than it should be for a cream puff.",226.1,64,Low Calory,45
19611,funnel cake,"['flour', 'salt', 'baking soda', 'sugar', 'baking powder', 'egg', 'milk', 'vanilla', 'oil', 'powdered sugar']",10,30643,5,Made it just as written was perfect topped with strawberries.  I will double the recipe next time as it only made 5 (not 6-8) and the kids were begging for more!,154.9,21,Low Calory,48
19667,dave s  special  black forest cake,"['chocolate cake mix', 'sweetened condensed milk', 'cream of coconut', 'cherry pie filling', 'whipped topping']",5,28346,5,"Wonderful stuff!  This is the birthday cake I made for myself this year, and it was fantastic.  I used a Pilsbury Devil's Food mix, and lite Cool Whip, and it couldn't have been easier.  My aunt and mom agreed on the 5 star rating.  This one's a keeper.  Thanks bunches Denise!",278.3,112,Low Calory,43
20036,crab cakes from joe s crab shack,"['mayonnaise', 'egg yolks', 'lemon juice', 'worcestershire sauce', 'dijon mustard', 'black pepper', 'salt', 'blackening seasoning', 'crushed red pepper flakes', 'parsley', 'breadcrumbs', 'crabmeat']",12,43152,5,Wonderful recipe-I modified it slightly by adding a thinly sliced small bell pepper and a medium carot diced.  Five stars!!!,304.7,12,Low Calory,27
20112,moist and rich homemade chocolate cake,"['cake flour', 'baking powder', 'baking soda', 'salt', 'unsweetened cocoa', 'brewed coffee', 'unsalted butter', 'vegetable oil', 'superfine sugar', 'dark brown sugar', 'eggs', 'pure vanilla extract']",12,161650,5,"lucie,ottawa,on

great cake,moist great taste, easy to do didn'nt change anything will do it again",508.3,208,High Calory,45
20196,oatmeal buttermilk pancakes,"['quick oats', 'baking soda', 'buttermilk', 'all-purpose flour', 'baking powder', 'salt', 'sugar', 'shortening', 'eggs']",9,28533,5,Yum Yum Yum. These have a wonderful texture and a great flavor. I served them with strawberries and I was in heaven. I had to add a bit more buttermilk to the batter as it was pretty stiff though. Its been very warm and dry here so that could be the reason.,155.3,16,Low Calory,21
20892,irish cream bundt cake,"['pecans', 'yellow cake mix', 'vanilla instant pudding mix', 'eggs', 'water', 'vegetable oil', 'irish cream', 'butter', 'white sugar']",9,74668,5,"This recipe was ABSOLUTELY DELICIOUS!  My mother-in-law begged me for the recipe.  However, did make slight changes.  First, in the cake I did 1/2 cup Irish Cream and 1/4 cup Irish Whiskey.  Second, for the glaze I did 1/8 cup Irish Whiskey and 1/8 cup Godiva Chocolate Liquer.  You really end up only using half the glaze.  Wow, this cake...it has now become my trademark! Thanks Recipenut!",779.2,262,High Calory,28
21136,raisin bar sheet cake,"['eggs', 'brown sugar', 'raisins', 'all-purpose flour', 'shortening', 'cinnamon', 'baking powder', 'baking soda', 'boiling water', 'powdered sugar', 'butter', 'vanilla', 'corn syrup']",13,8606,5,"Yummers! These just blew my diet! Oh well, they do have raisins!
I made them according to recipe, and they truly are a wonderful and different treat. Mine are like an extremely moist bar/cake. Thank you so much for sharing your childhood treat.",258.3,115,Low Calory,41
21208,philly cheesecake brownies,"['fudge brownie mix', 'philadelphia cream cheese', 'sugar', 'egg', 'vanilla']",5,134663,5,"This is a decadent delight that I love to share with my coworkers and family, especially during the holidays. It is so easy and so yummy! I ""WOWed"" my sister-in-law with this treat!  I normally use a pouch of commercial fudge brownie mix. YUM!",46.4,12,Low Calory,26
22133,pear coffee cake with ginger pecan crunch topping,"['flour', 'sugar', 'dark brown sugar', 'salt', 'nutmeg', 'crisco cooking oil', 'egg', 'buttermilk', 'baking soda', 'baking powder', 'pears', 'ground ginger', 'pecans']",13,6836,5,"The combination of pears, nutmeg, ginger & pecans in this recipe is incredible, and the aroma of it permeated the whole house while it was baking--it was simply wonderful.  This is one of the most delicious coffee cakes I have ever tasted!  I would recommend this recipe to anyone - it was very easy to make, and I will make this again...and again...and again!  -M",284.8,91,Low Calory,21
22274,blueberry blueberry sour cream pancakes,"['sifted flour', 'baking powder', 'salt', 'sugar', 'egg', 'milk', 'sour cream', 'butter', 'blueberries']",9,217908,5,"My husband, who is P-I-C-K-Y about his favorite things (ie. blueberrry pancakes) said these were, ""The best I've ever had.""  
They were simple to make, and the taste is great.  These will make it to my permanent stash of recipes.  Thank you, Aroostook!
1/28/07 -- just wanted to update that my husband requested these for dinner tonight.  That's a sure sign of a keeper!",301.6,24,Low Calory,37
22427,chocolate fudge cupcakes,"['unsalted butter', 'semisweet chocolate', 'sugar', 'eggs', 'all-purpose flour', 'baking powder', 'cream of tartar', 'whipping cream']",8,82648,5,"I used only 1/2 cup of sugar and didn't put any icing on. These were soo good! Fudgy, yet super light. Very hard to explain and very different but wonderful!",303.1,50,Low Calory,44
22708,applesauce cake,"['vegetable oil', 'eggs', 'molasses', 'applesauce', 'all-purpose flour', 'sugar', 'salt', 'baking powder', 'baking soda', 'cinnamon', 'nutmeg']",11,49821,0,This is very similar to an old family recxipie of mine.  I can't share the exact recipie--it's a sworn family secret.  But this one thing I will share:  try it with chocolate chips stirred in!,138.6,43,Low Calory,9
22984,strawberry cake with frosting,"['white cake mix', 'strawberry jell-o gelatin dessert', 'eggs', 'vegetable oil', 'water', 'frozen strawberries', 'powdered sugar', 'butter']",8,56302,5,This was great! I'll be making this often. Thanks for the recipe!,597.9,272,High Calory,21
23060,amish blueberry cake,"['butter', 'sugar', 'eggs', 'flour', 'salt', 'baking powder', 'milk', 'blueberries']",8,45833,5,"A simple, yet very tasty cake. It was marvelous with some cool whip & fresh blueberries on top.
I will be making this often!",481.8,143,Low Calory,44
23094,chocolate coconut bundt cake,"['egg whites', 'sugar', 'flour', 'flaked coconut', 'chocolate cake mix', 'instant chocolate pudding mix', 'eggs', 'egg yolks', 'water', 'oil', ""confectioners' sugar"", 'milk']",12,87957,5,Really good!  Made just as written...thanks!,500.4,202,High Calory,21
23225,oatmeal waffles or pancakes,"['quick oats', 'flour', 'salt', 'water', 'baking powder', 'egg', 'molasses', 'corn oil']",8,23728,5,"I used skim milk rather than the water, ground the oats after measuring, used whole wheat flour and olive oil.   Very good smothered in apple sauce!",105.8,5,Low Calory,22
23475,ricotta cheesecake,"['unsalted butter', 'cornstarch', 'all-purpose flour', 'cream cheese', 'whole milk ricotta cheese', 'granulated sugar', 'eggs', 'fresh lemon juice', 'vanilla', 'sour cream']",10,39636,5,Just OUTSTANDING.....!!  I converted this recipe to gluten free cornflour and plain flour and it you could not tell the difference.  Your tip on using unwaxed dental floss to cut the cheesecake worked perfectly. The texture of the cheescake is lighter than the philly cream cheese cheesecake.  I will be using this recipe again.,353.6,83,Low Calory,30
23480,jello cake,"['white cake mix', 'eggs', 'butter', 'water', 'jello gelatin', 'cool whip', 'fruit']",7,37305,5,I have made this several times.  Strawberry is the favorite in our house also.  It is very light and refreshing in the warmer weather and it is soooo easy to make!,272.6,118,Low Calory,33
23789,toffee bar coffee cake,"['all-purpose flour', 'dark brown sugar', 'sugar', 'unsalted butter', 'salt', 'chocolate-covered english toffee bars', 'pecans', 'baking soda', 'buttermilk', 'egg', 'vanilla extract']",11,48781,5,Now THIS is how you make coffee cake!  Simply saying this is delicious would be an insult.  Eating it warm is indescribable.  This recipe is SERIOUSLY good.,298.2,107,Low Calory,45
23883,ultimate cheesecake,"['graham cracker crumbs', 'sugar', 'butter', 'cream cheese', 'flour', 'eggs', 'sour cream', 'lemons, zest of', 'vanilla extract', 'egg white', 'raspberry preserves', 'apricot preserves', 'fresh fruit']",13,61648,5,"If you love all cheesecakes (as i do) you will agree with the title that this is in fact the ULTIMATE.

It took a lot of time and was somewhat tedious, but was well worth the work. It will rise somewhat during baking, but dont panic (as i did), it will settle and be possibly the best cheesecake that you have ever had!!!!!!!!

I wish that I could give it more than five stars.",7613.6,2143,High Calory,26
23931,self filled cupcakes,"['chocolate cake mix', 'cream cheese', 'sugar', 'egg', 'salt', 'semisweet chocolate pieces']",6,25812,4,"This is by far one of the best cupcake recipes around.  I made these for my son's preschool and he came home with an empty plate!  I would like to try a variation on this with white or strawberry cake mix, strawberry cream cheese and white chocolate chips.  Excellent baked product that is worth the extra step of filling, try it!",175.7,60,Low Calory,28
24308,gooey philadelphia german butter cake  butterkuchen,"['granulated sugar', 'butter flavor shortening', 'salt', 'egg', 'active dry yeast', 'milk', 'flour', 'vanilla extract', 'unsalted butter', 'superfine sugar', 'extra-large eggs']",11,170440,5,"I saw this and had to quick go make it. It was like walking down to Halls Bakery on the corner of Franklin Ave. on Sunday morning with my Oma when I visited.  Thank you for the memory, now if someone could find a recipe for German potato salad made with honey vinegar I will think I have died and gone to heaven!!!  Thank you again, it was wonderful!!!! ",347.4,113,Low Calory,38
24423,white chocolate no bake cheesecake pie,"['white chocolate chips', 'cream cheese', 'frozen whipped topping', '9-inch graham cracker crust', 'toffee pieces']",5,42879,5,"I made this for Sunday dinner the other night.  It is absolutely delicious.  So very easy.  My whole family loved this, kids too.     ",547.2,129,High Calory,28
24561,easy red velvet cake,"['white cake mix', 'eggs', 'margarine', 'buttermilk', 'red food coloring', 'baking cocoa']",6,128723,5,"Made this today for Father's day and EVERYONE loved the color and taste of this cake, there was none left.  At first i was going to make a cake from scratch but i ran out of time and ended up choosing this recipe.  This was EASY.  I dumped everything into the mixing bowl and with a hand mixer beat it for about 3 min.  I was not sure about the margarine, so i left it room temp. and cut it into squares so it would be easier to mix in but i did not melt it.  And i only added 1 oz. of red color and about 1/2 a bottle of .25 oz. red color (that was all i had) but the red color was intense just like it should be not pink.  Will also add some vanilla next time just b/c i love it.  Made this in a 13x9 and it took about 26 min. but my oven runs a little hot.  There were a few spots that were yellow where i think the margarine did not get mixed in but i don't think anyone noticed.  Frosted with store bought cream cheese frosting.  Beautiful, moist cake just love the deep red color.  And as simple as it was this will be my stand-by recipe for red velvet cake if i do not have the time to make one from scratch.  
Thank you AnnaCG =) ",283.7,99,Low Calory,14
24612,five flavor pound cake,"['butter', 'shortening', 'granulated sugar', 'eggs', 'all-purpose flour', 'baking powder', 'salt', 'milk', 'coconut extract', 'lemon extract', 'rum extract', 'butter flavor extract', 'vanilla extract', 'white sugar', 'water']",15,106897,5,"This is a wonderful cake it not hard to make,and everytime someone eats it they taste one flavor more then the others.I had butter crisco on hand and that worked very well I thought that would make more buttery tasting but it didn't. I well be making this cake again.",600.6,234,High Calory,45
24672,the ultimate strawberry shortcake,"['fresh strawberries', 'sugar', 'cream cheese', 'powdered sugar', 'frozen whipped topping', 'angel food cake']",6,35848,5,This is a winner! Our Florida strawberries are in high season right now and I was looking for somethng a little different but also easy. This is just plain delicious - no other way to describe it. Thank you Inez!!,296.8,142,Low Calory,14
24768,berry cream cheese coffee cake,"['flour', 'sugar', 'margarine', 'baking powder', 'baking soda', 'salt', 'sour cream', 'egg', 'almond extract', 'cream cheese', 'raspberry preserves', 'sliced almonds']",12,41318,5,"This was really quite quick to make and I used
freshly-cooked BC raspberries.  This raspberry
sauce was made with some sugar and cornstarch
and was so tasty instead of using jam preserves.
Certainly would make again for very special
company!!",415.8,98,Low Calory,12
24796,strawberry cheesecake ice cream  for electric ice cream machine,"['cream cheese', 'sugar', 'lemon juice', 'vanilla', 'strawberry', 'half-and-half']",6,363880,5,Really really really good!!!,380.6,113,Low Calory,11
25119,coconut poke cake,"['white cake mix', 'egg whites', 'oil', 'water', 'almond flavoring', 'cream of coconut', 'sweetened condensed milk', 'frozen whipped topping', 'flaked coconut']",9,191220,5,"Made this cake....yum, yum, yum!!  The only thing I did different is add coconut rum after the cream and milk (I did let it cool first before pouring the rum).  It was so good and light!!  Will make this again...!!!!  ",1012.5,447,High Calory,27
25521,no frosting needed cupcakes,"[""devil's food cake mix"", 'cream cheese', 'egg', 'sugar', 'milk chocolate chips']",5,2000856793,1,I am looking for a recipe not a cake mix.,175.2,59,Low Calory,18
25628,basic pancake syrup,"['sugar', 'brown sugar', 'corn syrup', 'water', 'vanilla']",5,2000684157,0,Now is the corn syrup clear or brown?,1252.7,991,High Calory,27
25658,honeybun cake,"['yellow cake mix', 'eggs', 'oil', 'buttermilk', 'brown sugar', 'ground cinnamon', 'pecans', 'powdered sugar', 'milk', 'vanilla']",10,33188,5,"my husband & kids loved this!! and it was so easy! i usually throw cake out because no one eats it - but between the 3 of them, this was gone in less than 2 days. it was a bit too sweet for me - 
i did follow the recipe and will definetly make again!",360.1,141,Low Calory,34
25906,chocolate sour cream coffee cake,"['butter', 'sugar', 'eggs', 'flour', 'baking powder', 'baking soda', 'salt', 'sour cream', 'vanilla', 'chocolate chips', 'chocolate', 'cinnamon']",12,146637,4,"The taste was good,but a loaf pan was not big enough for this recipe. I didn't add all the cake batter and it still overflowed into the oven.",6999.5,2189,High Calory,11
26014,mexican tres leche cake,"['all-purpose flour', 'baking powder', 'sugar', 'unsalted butter', 'eggs', 'milk', 'sweetened condensed milk', 'evaporated milk', 'rum', 'heavy cream', 'vanilla extract']",11,30893,5,"This is very good.  The first time I forgot to put the plastic wrap over the soaking cake, and we ended up with a cake float.  The second time I followed the instructions explicitly and it turned out fine.  Note to eaters:  this is also very good without the frosting... try a little whipped cream and fresh berries on top... YUM.  Thanks for posting Mille!",630,186,High Calory,13
26017,spanish lemon cake,"['eggs', 'milk', 'canola oil', 'sugar', 'self-raising flour', 'lemon, rind of']",6,59402,5,"Made this once with half applesauce instead of butter, still turned out light with an airy crumb, very easy and quick. Followed Mizznezz's variation of lemon juice, had slightly less than 1/3 cup of juice but I find I prefer more lemon juice.",485.7,100,Low Calory,41
26178,chocolate chiffon cake,"['sugar', 'cake flour', 'cocoa', 'baking powder', 'baking soda', 'salt', 'egg yolks', 'canola oil', 'water', 'vanilla', 'egg whites']",11,13063,5,"I used the kahlua in my recipe, and my cake baked in exactly 28 minutes.  It certainly didn't need any icing.  Very rich and cocoa-ish, with a great, light texture.  I was on a random circuit of gift-giving the weekend I made this, and brought this along to many recipients.  It was adored all around, and I had to give the recipe to a couple of people.  Has gone into my files as my basic chocolate cake.  ",3199.2,1208,High Calory,36
26215,mashed potato pancakes,"['mashed potatoes', 'eggs', 'whole milk', 'butter', 'flour', 'baking powder', 'salt', 'sugar']",8,6258,5,"Oh my!  This was really, really good.  I had left over mashed potatoes from the night before, so this one was a snap to mix and do.  It didn't look like leftovers, and surely didn't taste like leftovers.  It was very, very good.  I did cut back on the sugar to 1 Tbsp. and it was great.
Thanks Barbara for sharing this wonderful, easy, recipe.",105.3,14,Low Calory,40
26366,incredibly cool and refreshing mandarin orange cake,"['yellow cake mix', 'eggs', 'vegetable oil', 'mandarin oranges', 'frozen whipped topping', 'instant vanilla pudding']",6,140132,5,Mmmm so good and refreshing.,591.4,175,High Calory,32
26370,the only chocolate cake recipe you ll ever need   devil s food,"['all-purpose flour', 'salt', 'baking powder', 'baking soda', 'unsweetened cocoa powder', 'sugar', 'vegetable oil', 'hot coffee', 'milk', 'eggs', 'vanilla', 'butter', 'shortening']",13,332701,5,This cake was great!!  Plan on making it again this week!,477.9,150,Low Calory,22
26407,no bake cheesecake pumpkin pie,"['prepared graham cracker crusts', 'cream cheese', 'whipped topping', ""confectioners' sugar"", 'vanilla extract', 'vanilla instant pudding mix', 'milk', 'pumpkin puree', 'pumpkin pie spice']",9,48724,5,This was so easy and so yummy. I brought it to a family function and everyone loved it. It is really creamy and I can't stress how easy is was to make. I think for thanksgiving I am going to make one traditional pumpkin pie and one of these.,526.7,208,High Calory,40
26525,zucchini cake,"['flour', 'sugar', 'cinnamon', 'salt', 'baking powder', 'baking soda', 'vegetable oil', 'vanilla', 'eggs', 'zucchini', 'walnuts']",11,89979,5,Great cake!My husband and kids loved it.They hate zuchinni but ate the whole pan of cake.I also put a cream cheese frosting on it.The cake is great hot or cold!Real moist and delicious!!,305.9,102,Low Calory,39
26575,winklers moravian sugar cake,"['active dry yeast', 'sugar', 'water', 'non-fat powdered milk', 'instant mashed potatoes', 'salt', 'butter', 'eggs', 'flour', 'brown sugar', 'cinnamon']",11,55690,5,"Oh Steve!  It is such a delight to see that you posted this recipe.  I was raised in Winston and this sugar cake is served at any Moravian function you go to. I hope alot of people will try it because they will be hooked! You can order it online, but it is very easy to make. Thank you for sharing!",754.4,216,High Calory,47
26631,mix and match pound cake,"['cake mix', 'instant pudding mix', 'eggs', 'water', 'vegetable oil', 'frosting']",6,35140,5,This is an excellent recipe.  I used yellow cake mix with vanilla pudding and used milk instead of water (just because I always do that with cake mixes).  I glazed it with just a powdered sugar glaze.  Took it out of the oven about 10PM last night.  I went to bed and left my husband and 3 teenage boys alone with the cake.  There is about 3 inches of cake left this morning.,397.3,177,Low Calory,40
26737,caramel apple cake,"['vegetable oil', 'sugar', 'brown sugar', 'eggs', 'flour', 'cinnamon', 'nutmeg', 'baking soda', 'salt', 'apples', 'walnuts', 'vanilla', 'light cream', 'butter', 'powdered sugar']",15,20754,5,WOW!!!!  This cake is delicious!  I used the golden Delicious apples.  The cake was very moist!  Another keeper!  Thank you Inez ; ),708.4,225,High Calory,39
26799,basic white cake,"['egg whites', 'milk', 'vanilla', 'cake flour', 'baking powder', 'superfine sugar', 'salt', 'unsalted butter']",8,35029,5,"This was posted in response to my request for a good white cake to bake for my son's 1st birthday.  This cake was so good and moist and it was a big hit with everyone, even the birthday boy.  thanks Steve for the recipe.",344.6,101,Low Calory,29
26835,one bowl  perfect pound cake,"['all-purpose flour', 'sugar', 'salt', 'baking soda', 'lemon, rind of', 'vanilla', 'butter', 'yogurt', 'eggs']",9,27783,5,"Delicious pound cake!  I made this with the intention of using it as a base for other desserts calling for sliced pound cake, but this can stand on its own witha bit of powdered sugar dusted on top. I had no problems preparing this cake.  It makes a large cake and is very versatile - you can vary the flavor slightly by using a different flavor of yogurt.  I used vanilla this time.  It is easy to prepare and turned out great.  It is dense yet tastes light. Thanks! ",456.6,164,Low Calory,33
26912,marbled cheesecake brownies,"['butter', 'semisweet chocolate', 'sugar', 'eggs', 'vanilla', 'flour', 'baking powder', 'cream cheese', 'egg', 'semi-sweet chocolate chips']",10,30716,5,Super yummy! Great recipe. I used reduced fat cream cheese in mine. Thanks!,239.6,83,Low Calory,15
27100,mini cherry cheesecakes with vanilla wafer crusts,"['cream cheese', 'sugar', 'eggs', 'lemon juice', 'vanilla', 'vanilla wafers', 'cherry pie filling']",7,27395,5,"These are wonderful!! Made them for a family get-together yesterday. I topped half with cherry pie filling and the other half with blueberry. They were gone in a flash!! Definitely will be making these again! Thanks~~
~Manda",108.3,11,Low Calory,29
27144,chocolate  chocolate  chocolate  bundt cake with chocolate glaze,"[""devil's food cake mix"", 'instant chocolate pudding mix', 'semi-sweet chocolate chips', 'water', 'eggs', 'vanilla extract', 'cocoa', 'butter', 'powdered sugar', 'hot water']",10,28649,5,This was easy and very moist.  The whole family loved it.  Very chocolatey!!!!  I will be making this again!!,321.6,144,Low Calory,48
27564,oven baked crab cakes,"['corn flakes', 'mayonnaise', 'dijon mustard', 'old bay seasoning', 'cayenne pepper', 'egg yolk', 'fresh crabmeat', 'butter']",8,75772,5,"These crab cakes are amazing. The best thing about them is they aren't fried, so no messy grease splatters to clean up. They had a wonderful golden crunchy coating and we ate them all until they were gone. Seasoned to perfection. Thanks for a recipe we will use regularly.",90.6,3,Low Calory,30
27764,grandma kay s swedish pancakes,"['eggs', 'milk', 'sugar', 'salt', 'baking powder', 'flour', 'butter']",7,23728,5,"Very easy and fast to make,  nice and light.  I used 1/4 tsp of salt   I may add a pinch more salt next time, but if you were using salted butter it probably won't be necessary.  I did grease my nonstick pan with a bit of safflower oil on a paper towel rather than using butter.",320.2,12,Low Calory,42
27819,bacardi pina colada cake,"['cake', 'white cake mix', 'instant coconut cream pudding mix', 'dark rum', 'eggs', 'water', 'oil', 'frosting', 'crushed pineapple', 'frozen whipped topping']",10,15023,5,This was a big hit with my friends and co-workers. It is simple to make and really delicious.,5178.3,2094,High Calory,15
27914,yum yum funnel cakes,"['eggs', 'milk', 'brown sugar', 'all-purpose flour', 'baking powder', 'salt', 'vegetable oil', ""confectioners' sugar""]",8,51257,5,"I made these tonight for a treat, the rest of my gang were lucky to get any.  These are absolutely delicious.  I love funnel cakes I always get them when the carnival comes to our city.  Thanks for posting such a great recipe.",250,36,Low Calory,40
28028,borden s mini cheesecakes,"['graham cracker crumbs', 'sugar', 'butter', 'cream cheese', 'eagle brand condensed milk', 'eggs', 'vanilla']",7,4439,5,"i have been making something like this for a zillion years, but never made it using condensed milk as an ingredient. Really much better, even richer and creamier. ",210.8,57,Low Calory,10
28138,chocolate angel food cake,"['cake flour', 'unsweetened cocoa', 'granulated sugar', 'egg whites', 'vanilla extract', 'cream of tartar', 'salt', ""confectioners' sugar""]",8,37449,5,This cake was delicious! My first time at making angel food cake. Thanks for making it a good experience!,149.5,101,Low Calory,25
28217,simplicity chocolate cake,"['butter', 'cocoa', 'self raising flour', 'sugar', 'milk', 'eggs', 'vanilla']",7,21752,5,"My daughters made this cake last night to surprise me, and I was very pleasantly surprised!  Simplicity doesn't even begin to describe this cake, it was so easy to put together the 10 year old did most of it herself.  We didn't have any self-raising flour in the house, so they used regular flour with a teaspoon of baking powder.  Thanks Chrissy, your mom's cake is a winner!",300.3,133,Low Calory,47
28272,baby food pineapple coconut carrot cake,"['all-purpose flour', 'white sugar', 'baking soda', 'cinnamon', 'salt', 'vegetable oil', 'eggs', 'carrot baby food', 'crushed pineapple', 'walnuts', 'flaked coconut', 'cream cheese', 'butter', 'vanilla', ""confectioners' sugar""]",15,2000461772,1,Baby.....? You need to remove that from the name. All that sugar and nuts. Very misleading.,876,317,High Calory,14
28845,cassava cake,"['cassava', 'sweetened condensed milk', 'evaporated milk', 'coconut milk', 'coconut cream', 'sugar', 'eggs', 'egg whites', 'coconut', 'egg yolks']",10,808940,0,Excellent! I love this cassava cake and my family and friends loved it too. IT is so delicious!,282.7,94,Low Calory,32
28882,grandma s buttermilk pancakes,"['flour', 'sugar', 'baking soda', 'baking powder', 'salt', 'egg yolks', 'buttermilk', 'butter', 'vanilla', 'egg whites']",10,19803,4,I made 1/3 the recipe and it fed 2 adults and a toddler with 3 pancakes left over. The flavor and texture are wonderful - this recipe may become my new pancake standard!,703.8,67,High Calory,11
28970,quick and easy honey cake,"['self raising flour', 'sugar', 'butter', 'eggs', 'honey', 'sour cream']",6,83148,5,"A delightful, very easy to make cake.  The cake is soft, moisty and it is not too sweet.  In conclusion - it is yummy :)  But my Tefal electric oven needed another 30mins to cook the inside of the cake, by which time the top is all cracked :( But this is no fault of the recipe..its my oven :(  Although the cake has a cracked top, the texture, taste and smell of the cake is superb.  I will not hesitate to make it again even if the cake top is gonna crack once more :D  Thanks for posting the recipe :)     ",438.6,148,Low Calory,40
29141,ingredient dump cake,"['crushed pineapple', 'cherry pie filling', 'yellow cake mix', 'butter', 'pecans']",5,41773,3,"It was good, but way too much butter.  It did not acheive the ""cake"" consistency that I have had in other dump cakes.",431.2,102,Low Calory,17
29155,fluffy pancakes,"['all-purpose flour', 'sugar', 'baking powder', 'salt', 'milk', 'vegetable oil', 'egg']",7,471185,5,I added 1tbsp vanilla extract and that was all!!! Very good recipe and I highly recommend it!,655.4,51,High Calory,28
29166,should be sinful triple chocolate fudge cake,"['chocolate pudding mix', 'milk', ""devil's food cake mix"", 'semi-sweet chocolate chips', 'walnuts']",5,30534,5,"Forget the ""should be"", this cake is not only sinfully delicious but sinfully easy to make. DH can't eat nuts, so I doubled the chocolate chips. Ghiradelli chips were on sale, and I will never use anything else - ever again! To be a bit less sinfull, we gobbled the cake down with low fat vanilla ice cream! Thanks, Karen for this heavenly recipe.",207.3,72,Low Calory,17
29175,dump cake  only 3 ingredients,"['cherry pie filling', 'chocolate cake mix', 'butter']",3,45999,3,The cake was okay but certainly needed a scoop of ice cream. I had this for 8 older adults and it was too large a recipe.  I'm not sure it would freeze properly.,397.8,67,Low Calory,22
29569,fluffy lemon cheesecake squares,"['graham cracker crumbs', 'butter', 'sugar', 'cream cheese', 'lemon jell-o gelatin', 'boiling water', 'lemon juice', 'lemon extract', 'evaporated milk']",9,42949,5,"This dessert is the best ever! It is so fluffy and smooth. Fantastic lemon flavor. The evaporated milk whips up big and frothy, then you just mix at all together---WOW!! My husband and kids went nuts over this! I predict this will be made a lot here! Thank you very much!!",323.2,111,Low Calory,22
29664,burnt almond cake,"['cake flour', 'baking powder', 'baking soda', 'salt', 'unsalted butter', 'sugar', 'eggs', 'buttermilk', 'vanilla extract', 'granulated sugar', 'honey', 'water', 'slivered almonds', 'milk', 'egg yolks', 'cornstarch', 'heavy whipping cream', ""confectioners' sugar""]",18,34986,5,"This cake was excellent.  I thought Dick's Bakery in San Jose, CA had ruined all other Burnt Almond cakes for me so I was very surprised at how much I enjoyed this one.  I made it for dessert for Christmas and it was enjoyed by all...well, almost all.  A picky sister and a niece who'd rather have ice cream don't count!  Everyone else truly loved it.  I actually used both cakes and just doubled the custard (which was excellent, by the way!).  This cake does take a bit of time to prepare because everything must cool first but it is not difficult with very easy-to-follow instructions.  I highly recommend for people to give this cake a try.  Thanks for posting!",982,328,High Calory,40
29775,chocolate bundt cake with frosting inside,"[""devil's food cake mix"", 'eggs', 'oil', 'water', 'coconut pecan frosting', ""confectioners' sugar""]",6,25792,5,More than 5 stars for this one!!! So easy and so moist and yummy.  DBF loved the coconut in the cake from the frosting.  I made it in a silicone tube pan and it worked like a charm.  This needs no frosting and the shake of powdered sugar was just right...so was a scoop of vanilla ice cream.  Thanks Karen this was awesome!,412.7,124,Low Calory,23
29801,flourless chocolate oh so good molten cake,"['semisweet chocolate', 'unsalted butter', 'unsweetened cocoa', 'egg whites', 'cream of tartar', 'granulated sugar']",6,21730,0,Thank you so much for the wonderful picture! Glad you enjoyed them!,283.1,18,Low Calory,28
29807,cake mix pudding mix cookies  4 ingredients,"[""devil's food cake mix"", 'sour cream', 'instant chocolate pudding mix', 'eggs', 'chocolate frosting']",5,34746,2,"The batter was extremly stiff.  Too stiff for a hand mixer.  The cookies are little puffy cake like things that are OK, but not spectacular.  Luckily, my son will eat anything.",89,31,Low Calory,48
29935,pan fudge cake,"['sugar', 'cocoa', 'baking soda', 'flour', 'salt', 'vanilla', 'vegetable oil', 'water', 'vinegar']",9,80219,5,Very easy and great taste.  Might try adding chocolate chips and/or chopped nuts next time.  Mine stuck to the pan a little bit so I might grease the pan next time.,369.6,120,Low Calory,9
29952,mary s prune cake,"['eggs', 'vegetable oil', 'sugar', 'flour', 'baking soda', 'cinnamon', 'nutmeg', 'allspice', 'salt', 'vanilla', 'prune', 'buttermilk', 'nuts', 'karo light corn syrup', 'butter']",15,43654,5,This is perhaps one of the all-time greatest foods ever!  It is exceptionally moist (almost wet) and packed with flavor!  If anyone doesn't like this recipe I'll stand on my head naked in the middle of the interstate highway!  Don't forget to have some ice cold milk with it (and a second piece)!,7236.7,2374,High Calory,24
30082,cheesecake cups,"['vanilla wafer cookies', 'cream cheese', 'white sugar', 'eggs', 'vanilla extract']",5,56008,5,very good,171.5,41,Low Calory,17
30253,fluffy buckwheat pancakes,"['buckwheat flour', 'all-purpose flour', 'baking powder', 'salt', 'white sugar', 'milk', 'egg whites', 'butter']",8,41430,0,Of course you can make traditional pancakes out of this recipe. Just use only all purpose flour and one whole egg.,154.3,7,Low Calory,17
30359,chesapeake bay crab cakes,"['onion', 'green bell peppers', 'butter', 'fresh crabmeat', 'fine dry breadcrumb', 'egg', 'mayonnaise', 'dried parsley flakes', 'lemon juice', 'worcestershire sauce', 'old bay seasoning', 'dry mustard', 'cayenne pepper', 'vegetable oil']",14,314259,5,Loved this recipe! It is now my go-to recipe for crab cakes. Thanks for posting.,167.2,5,Low Calory,19
30425,cake mix peanut butter squares,"['yellow cake mix', 'peanut butter', 'margarine', 'egg', 'sweetened condensed milk', 'chocolate chips', 'butter']",7,441971,5,"these were delicious, but only over 24 hours AFTER i made them. before that they were too crumbly. had to eat them with a spoon. not sure what i did wrong. didn't seem like there was quite enough batter. but like i said, after a day or so, they were fantastic and very rich. perhaps it was my fault, but i followed the recipe......we did enjoy them very much.",389.6,135,Low Calory,48
30612,cinnamon drop cake,"['white cake mix', 'water', 'butter', 'eggs', 'sugar', 'cinnamon', 'margarine']",7,51501,4,Really tasty and very moist!! Great to take to office....I probably will try it with yellow cake mix instaed of white.,346,126,Low Calory,45
30699,easy eggless sponge cake,"['sweetened condensed milk', 'self-rising flour', 'baking powder', 'baking soda', 'butter', 'vanilla essence', 'water']",7,6357,0,"I followed the instructions as given in the recipe and made this cake today. The baking time was very less. I baked this first at 200C for 10 minutes, then at 150C for 10 minutes, then at 160C for 5 minutes and then at 150C for 20 minutes. The center of the cake is still not set. It is still soggy...and the taste of this cake is not up to the mark. It is not at all sweet. I'm sorry, Anu, but this one was a total disappointment.   ",194.9,54,Low Calory,49
30758,rhubarb cake,"['butter', 'sugar', 'buttermilk', 'egg', 'rhubarb', 'flour', 'baking powder', 'salt', 'vanilla', 'brown sugar', 'cinnamon']",11,118712,5,"This Cake Was Quick And Easy
As Pixie Said My Kids Thought It Was Apple 
Everyone Told Me This Was A Make Again Cake",4378.1,2115,High Calory,46
30898,white chocolate cake,"['white chocolate', 'butter', 'sugar', 'egg yolks', 'vanilla', 'cake flour', 'baking powder', 'salt', 'buttermilk', 'pecans', 'flaked coconut', 'egg whites', 'flour', 'milk']",14,101665,5,"we just tried this recipe among some others to decide what to use for a wedding cake, and this one won hands down.  Everyone who tried it loved it, and my future mother in law about melted it was so good in her opinion.
We sampled it with a classic buttercream icing.  Even rich as they both were, I couldnt resist having two pieces worth.",314.9,100,Low Calory,45
31040,real swedish pancakes  pannkakor,"['eggs', 'wheat flour', 'milk', 'salt', 'butter']",5,537188,4,These seemed to be half-way between a crpe and an english pancake. Nice recipe!,260.9,1,Low Calory,15
31083,cappuccino cheesecake,"['graham crackers', 'unsalted butter', 'sugar', 'whipping cream', 'instant espresso powder', 'vanilla extract', 'cream cheese', 'eggs', 'all-purpose flour', 'semi-sweet chocolate chips', 'chocolate']",11,9580,5,"YUM!  I made a chocolate crust, because I only had chocolate grahams in the house.  This is a rich sinfully delicious dessert.  The chocolate curls on top made a great presentation.  I will keep this keeper in my back pocket,  Thanks for a great recipe and happy birthday to your sister.",550,146,High Calory,47
31334,milky way lover s pound cake,"['milky way bars', 'butter', 'sugar', 'eggs', 'flour', 'baking soda', 'buttermilk', 'vanilla', 'nuts', ""confectioners' sugar"", 'milk']",11,58347,5,This cake is sooo good. I've already had to share the recipe and I've only made it once.,581.1,253,High Calory,8
31570,carrie s banana cake,"['yellow cake mix', 'bananas', 'water', 'oil', 'eggs', 'cool whip', 'vanilla instant pudding mix', 'milk']",8,25792,5,"Kimke..really good cake and a great way to use those ""bananas,"" used instant banana pudding in the frosting and made it really flavorfull!  TY",321.1,120,Low Calory,43
31710,potato n salmon cakes,"['salmon', 'mashed potatoes', 'egg', 'flour', 'salt & pepper', 'parsley', 'onions', 'fresh breadcrumb', 'vegetable oil cooking spray']",9,66785,4,"We made the following adaptions:
2 6 oz. cans of boneless, skinless pink salmon and used leftover garlic mashed potatoes.
Also, added juice of 1/2 lime and zest.
Served on a bed of baby field greens with cucumber sour cream sauce.
Quick, easy and yummy!",195.2,7,Low Calory,48
31804,sue b s chocolate cake,"['cocoa powder', 'boiling water', 'buttermilk', 'canola oil', 'eggs', 'vanilla', 'sugar', 'flour', 'salt', 'baking soda']",10,57397,5,"Wow!  So simple, but soo good!  Thank you for this great recipe.  I followed the recipe as is.  This taste really professional.  I glazed it with the same glaze everyone has used.  Mean Chef's Chocolate Frosting #31809.  Try it, join the bandwagon!",547.6,184,High Calory,39
31830,angel food cake with yummy chocolate whipped cream icing,"['powdered sugar', 'unsweetened cocoa powder', 'milk', 'cream of tartar', 'whipping cream', 'angel food cake']",6,8688,5,"This is a very delicious topping for angelfood cake!  It almost tastes like a very creamy chocolate ice cream!  Make sure to serve this immediately or to put the cake in the refridgerator after the frosting is put on the cake! I added just a tad more powdered sugar to stiffen up the icing, othewise I prepared exactly as Kimke describes.  I will serve this cake with fresh strawberries.  Thank you, Kimke!",314.9,100,Low Calory,44
32082,chocolate banana cake,"['margarine', 'white sugar', 'eggs', 'bananas', 'vanilla', 'flour', 'cocoa', 'baking powder', 'baking soda', 'salt', 'sour milk']",11,2001017894,5,I loved the recipe...it came out perfect the first time I tried!!,346.5,127,Low Calory,34
32190,spanish bar cake,"['flour', 'sugar', 'baking soda', 'cocoa', 'cinnamon', 'salt', 'nutmeg', 'allspice', 'oil', 'applesauce', 'eggs', 'raisins', 'cream cheese', 'butter', 'vanilla extract', ""confectioners' sugar"", 'milk', 'fresh lemon juice']",18,37042,5,"so very good, got milk",809.2,344,High Calory,45
32340,italian cream cake  old family recipe,"['butter', 'shortening', 'sugar', 'eggs', 'buttermilk', 'baking soda', 'all-purpose flour', 'vanilla', 'coconut', 'pecans', 'cream cheese', 'powdered sugar']",12,9717,5,I am rating this recipe simply because it is the same recipe I have used for a long time now.  This is delicious.,646.6,227,High Calory,27
32454,easy rhubarb cake,"['white cake mix', 'egg whites', 'oil', 'water', 'rhubarb', 'granulated sugar', 'strawberry jell-o gelatin dessert', 'miniature marshmallows']",8,33735,5,"Excellent recipe and very adaptable to other fruits. As a lover of rhubarb, I was drawn to this recipe as it wa similar to my own recipe but the jello and marshmellows were a new feature. I also tried it with sliced strawberries and it also was superb. Since rhubarb can be hard to obtain, this recipes adaptability to other fruits makes it a real plus in my book.  It does require a longer baking time than normal, about 70 minutes but I am at a very high altitude so watch carefully but plan on at least 45 minutes and keep checking.",403,231,Low Calory,49
32455,orange pineapple cake,"['yellow cake mix', 'oil', 'eggs', 'mandarin oranges', 'crushed pineapple', 'instant vanilla pudding', 'cool whip']",7,787808,5,Simple and fast to make. The cake was moist and delicious to taste.  Perfect for a rushed cook!,700.4,243,High Calory,9
32614,fudge crinkles  a great 4 ingredient cake mix cookie,"[""devil's food cake mix"", 'vegetable oil', 'eggs', ""confectioners' sugar""]",4,42231,5,"What a fun and easy recipe to do with my toddler.  I cracked the eggs and oil into containers, and he poured and mixed.  He loves to help in the kitchen, and kept saying ""made it"" every time he ate a cookie. Thanks KAREN.",110.8,26,Low Calory,40
32857,sue s coffee cake,"['crisco', 'sugar', 'flour', 'salt', 'baking powder', 'milk', 'cinnamon sugar', 'butter']",8,61360,5,"You are right, Yogi! This IS good! I made this for Christmas morning breakfast on the spur of the moment. Couldn't imagine it would be all that wonderful considering the ingredients, but it is great! People couldn't stop eating it. It took about 10 minutes longer than the recipe says for it to bake.",2689.1,902,High Calory,46
32973,hamburgers with brown gravy  total comfort food aka  meat cakes,"['ground beef', 'bread', 'onion soup mix', 'salt', 'pepper', 'ketchup', 'garlic powder', 'parsley flakes', 'eggs', 'brown gravy mix', 'water']",11,54067,3,"These were ok but for a large family they were a lot of work, frying them in batches. Very time consuming. I think I'll try to find something a little quicker or perhaps see if they can be adapted to a slow cooker",239.1,4,Low Calory,12
33069,coconut cream cake,"['butter recipe cake mix', 'water', 'butter', 'eggs', 'cream of coconut', 'cream cheese', 'whipped topping', 'frozen coconut']",8,837304,5,"This was a good cake.  For a quick coconut cake, I like that you use a box mix, but next time I'll make the cake from scratch.  I was very skeptical of the frosting since it didn't have any sugar, but it was very light and delicate...it balanced the richness of the cake with the coconut cream.",405.5,120,Low Calory,18
33150,old fashion butter pound cake,"['salted butter', 'sugar', 'eggs', 'all-purpose flour', 'salt', 'vanilla extract', 'milk']",7,2000609167,0,Can I use a bunt pan instead of a loaf pan?,4213.2,1341,High Calory,27
33598,very berry coffee cake,"['all-purpose flour', 'baking powder', 'salt', 'butter', 'granulated sugar', 'eggs', 'pure vanilla extract', 'sour cream', 'milk', 'berries', 'unsifted all-purpose flour', 'ground cinnamon']",12,621717,1,i must have done something wrong because the crumble topping just melted through the batter,269.1,89,Low Calory,46
33645,new jersey crumb cake,"['margarine', 'sugar', 'eggs', 'milk', 'flour', 'baking powder', 'vanilla', 'biscuit mix', 'cinnamon', 'powdered sugar']",10,26313,5,"I made this today and it is WONDEFUL!!!!! I can't say enough about it. My family loved it so much, there is nothing left!!!! Thanks so much for such a yummy cake, will definatly make again!! Very easy too!",697.8,230,High Calory,36
